<car vin="123456789" make="Ford" model="Escort Zx2">
<body type="coupe" material="alumunium" />
<engine cylinder=6 capacity=4.00 />
<wheel vendor="Good Year" radius=7.00 width=5.00 />
<wheel vendor="Good Year" radius=7.00 width=5.00 />
<wheel vendor="Good Year" radius=7.00 width=5.00 />
<wheel vendor="Good Year" radius=7.00 width=5.00 />
</car>
<car vin="3214657689" make="Chevorelet" model="Malibu">
<body type="coupe" material="alumunium" />
<engine cylinder=6 capacity=4.00 />
<wheel vendor="Good Year" radius=7.00 width=5.00 />
<wheel vendor="Good Year" radius=7.00 width=5.00 />
<wheel vendor="Good Year" radius=7.00 width=5.00 />
<wheel vendor="Good Year" radius=7.00 width=5.00 />
</car>
